method,delta,velocity,mae,r2,n_points
scipy_curve_fit,1.3010959926859353,8.460840632689123,0.20409337911448244,0.9879964001850978,70
pytorch_autodiff,1.3981454372406006,8.347801208496094,0.2003920666410973,0.9870587408579207,70
ground_truth,2.0,8.0,,,70
