node_id,slope,intercept,r2,rmse
1,0.9894340305013315,0.00021382721755527911,0.9978963751758406,0.002354632205086407
2,0.9948689842927819,-0.00010798189670829794,0.9978507782044792,0.0024003772696839427
